epoch,time,train/box_loss,train/cls_loss,train/dfl_loss,metrics/precision(B),metrics/recall(B),metrics/mAP50(B),metrics/mAP50-95(B),val/box_loss,val/cls_loss,val/dfl_loss,lr/pg0,lr/pg1,lr/pg2
1,15.5565,3.66246,76.8019,2.0227,0.00016,0.00741,0,0,3.52335,158.831,1.99391,0.000641026,0.000641026,0.000641026
2,26.7749,3.10972,25.6445,1.65217,0.00013,0.00741,0,0,3.31153,234.377,1.76212,0.00130338,0.00130338,0.00130338
3,38.2642,3.03607,12.6713,1.64757,0.00064,0.03704,3e-05,1e-05,3.20246,33.566,1.70838,0.00196133,0.00196133,0.00196133
4,49.7472,2.89509,9.06019,1.62333,0.00013,0.00741,0,0,3.24669,10.5807,1.80975,0.0019802,0.0019802,0.0019802
5,61.0049,2.89203,6.4133,1.57149,0.0009,0.05185,6e-05,1e-05,3.21088,7.48506,1.75964,0.0019736,0.0019736,0.0019736
6,72.5105,2.74009,5.60582,1.50119,0.0727,0.13333,0.04076,0.00943,3.15297,5.08689,1.79117,0.001967,0.001967,0.001967
7,83.9559,2.68254,4.89887,1.46965,0.04608,0.05185,0.00981,0.00236,3.31638,5.04655,2.02521,0.0019604,0.0019604,0.0019604
8,95.3054,2.59654,3.98961,1.41943,0.04913,0.01481,0.00953,0.00172,3.26656,4.37804,1.777,0.0019538,0.0019538,0.0019538
9,106.587,2.46582,3.65943,1.41748,0.03389,0.05926,0.00754,0.002,3.48219,5.33807,1.85391,0.0019472,0.0019472,0.0019472
10,117.84,2.49383,3.24149,1.35666,0.05598,0.08148,0.01633,0.0053,3.47283,4.75724,1.95974,0.0019406,0.0019406,0.0019406
11,129.133,2.40041,3.27448,1.39088,0.04641,0.07407,0.00844,0.00271,3.36012,4.75833,1.99517,0.001934,0.001934,0.001934
12,140.398,2.32876,3.50457,1.38595,0.05531,0.12593,0.01272,0.00402,3.22278,4.58728,1.91569,0.0019274,0.0019274,0.0019274
13,151.672,2.19426,3.28461,1.27932,0.05544,0.08148,0.01586,0.00485,3.18326,4.56404,1.80726,0.0019208,0.0019208,0.0019208
14,162.951,2.20353,2.97702,1.25264,0.08911,0.06667,0.03326,0.00895,3.35085,3.80527,1.74375,0.0019142,0.0019142,0.0019142
15,174.228,2.15968,2.67978,1.26405,0.07382,0.07407,0.01867,0.00695,3.39099,4.05014,1.81483,0.0019076,0.0019076,0.0019076
16,185.527,2.09776,2.49512,1.24862,0.09011,0.07407,0.03383,0.00911,3.41839,3.93096,1.9203,0.001901,0.001901,0.001901
17,196.794,2.10085,2.32216,1.25942,0.05403,0.05185,0.01265,0.00385,3.59079,4.34617,2.14632,0.0018944,0.0018944,0.0018944
18,208.092,2.00327,2.05397,1.21633,0.10841,0.06667,0.01756,0.00461,3.51303,4.0926,2.1823,0.0018878,0.0018878,0.0018878
19,219.355,1.83352,1.81826,1.17062,0.08443,0.11111,0.02166,0.00562,3.38043,4.15721,1.8791,0.0018812,0.0018812,0.0018812
20,230.634,1.80087,1.76333,1.15443,0.10191,0.08148,0.02069,0.00492,3.35967,3.95035,1.89302,0.0018746,0.0018746,0.0018746
21,242.101,1.76659,1.82737,1.15104,0.12378,0.08148,0.02387,0.00557,3.32594,4.00032,1.86947,0.001868,0.001868,0.001868
22,253.495,1.78673,1.6222,1.14265,0.12021,0.05926,0.01974,0.00414,3.47809,4.15779,1.90687,0.0018614,0.0018614,0.0018614
23,264.797,1.68395,1.50336,1.09614,0.06695,0.08889,0.01821,0.00442,3.41975,4.02119,1.88564,0.0018548,0.0018548,0.0018548
24,276.064,1.61443,1.40868,1.06954,0.11039,0.05185,0.01894,0.00481,3.43105,4.13442,1.91249,0.0018482,0.0018482,0.0018482
25,287.348,1.57504,1.34138,1.06718,0.09164,0.0963,0.02187,0.00512,3.41613,4.22327,1.85817,0.0018416,0.0018416,0.0018416
26,298.625,1.54777,1.27799,1.07025,0.08572,0.08148,0.0195,0.00575,3.43257,4.29435,1.86791,0.001835,0.001835,0.001835
27,310.003,1.48405,1.15408,1.05465,0.14801,0.08889,0.03263,0.01016,3.40813,4.32515,1.83003,0.0018284,0.0018284,0.0018284
28,321.493,1.46223,1.12303,1.02345,0.09914,0.05185,0.02978,0.00827,3.54836,4.71182,1.92519,0.0018218,0.0018218,0.0018218
29,332.79,1.33116,0.9992,0.99387,0.07035,0.05185,0.0199,0.00547,3.54252,4.64856,1.94786,0.0018152,0.0018152,0.0018152
30,344.168,1.31416,0.97511,1.00941,0.1757,0.05185,0.01666,0.00453,3.53306,4.41985,1.96621,0.0018086,0.0018086,0.0018086
31,355.455,1.23744,0.92268,0.97504,0.07373,0.04444,0.01224,0.00411,3.55465,4.39753,2.00755,0.001802,0.001802,0.001802
32,366.739,1.17362,0.89174,0.95878,0.1473,0.06667,0.02212,0.00624,3.42223,4.2642,1.9028,0.0017954,0.0017954,0.0017954
33,378.036,1.0866,0.79921,0.93379,0.09396,0.05185,0.01596,0.00532,3.47756,4.65647,1.97238,0.0017888,0.0017888,0.0017888
34,389.337,1.033,0.7668,0.93546,0.15683,0.05926,0.01783,0.0064,3.50277,4.70195,1.94662,0.0017822,0.0017822,0.0017822
35,400.768,1.07858,0.73195,0.92265,0.12312,0.05926,0.0191,0.00534,3.58738,4.76428,1.96854,0.0017756,0.0017756,0.0017756
36,412.077,1.08015,0.73989,0.9454,0.151,0.08148,0.02443,0.0082,3.54017,4.62405,2.0038,0.001769,0.001769,0.001769
37,423.357,1.02429,0.67409,0.89734,0.13233,0.06667,0.02219,0.0077,3.54266,4.77037,1.99615,0.0017624,0.0017624,0.0017624
38,434.711,1.07162,0.7146,0.93637,0.09627,0.03704,0.01502,0.00499,3.51879,5.13631,1.93432,0.0017558,0.0017558,0.0017558
39,446.017,1.04268,0.67709,0.91516,0.11266,0.04444,0.0152,0.00524,3.41972,5.13077,1.88195,0.0017492,0.0017492,0.0017492
40,457.315,1.06424,0.62998,0.88377,0.15548,0.04444,0.01592,0.00536,3.48543,5.08354,1.90099,0.0017426,0.0017426,0.0017426
41,468.645,0.99279,0.65407,0.87466,0.11021,0.03704,0.015,0.00463,3.51051,5.19066,1.9164,0.001736,0.001736,0.001736
42,479.934,0.95861,0.5979,0.86993,0.10039,0.03704,0.01349,0.00469,3.48538,5.13113,1.89479,0.0017294,0.0017294,0.0017294
43,491.235,0.95784,0.58987,0.8796,0.12903,0.03704,0.01654,0.00456,3.45437,5.1006,1.87903,0.0017228,0.0017228,0.0017228
44,502.585,0.92954,0.59992,0.8999,0.13084,0.04444,0.01718,0.00509,3.4844,5.06825,1.8848,0.0017162,0.0017162,0.0017162
45,513.876,0.86912,0.54481,0.87616,0.13724,0.03704,0.01465,0.00394,3.51443,5.09034,1.87707,0.0017096,0.0017096,0.0017096
46,525.165,0.84525,0.55348,0.88161,0.11164,0.05185,0.01428,0.00392,3.51781,5.22106,1.86797,0.001703,0.001703,0.001703
47,536.586,0.82911,0.55437,0.88151,0.09689,0.04444,0.01162,0.00398,3.49751,5.20406,1.84267,0.0016964,0.0016964,0.0016964
48,547.886,0.79197,0.521,0.87214,0.08542,0.04444,0.01607,0.00488,3.55035,5.06455,1.82867,0.0016898,0.0016898,0.0016898
49,559.223,0.76876,0.51544,0.87979,0.11276,0.05185,0.01374,0.0037,3.49354,5.20234,1.81885,0.0016832,0.0016832,0.0016832
50,570.569,0.76119,0.4939,0.86211,0.14077,0.05185,0.0123,0.00336,3.48618,5.34118,1.8302,0.0016766,0.0016766,0.0016766
51,581.853,0.75043,0.48321,0.84895,0.12532,0.05185,0.01024,0.00249,3.466,5.42479,1.8724,0.00167,0.00167,0.00167
52,593.146,0.68723,0.46734,0.85352,0.08344,0.05185,0.00949,0.00249,3.46112,5.37073,1.83373,0.0016634,0.0016634,0.0016634
53,604.468,0.72789,0.45796,0.83369,0.12487,0.05185,0.01121,0.00298,3.47689,5.35502,1.8385,0.0016568,0.0016568,0.0016568
54,615.758,0.73922,0.46899,0.85692,0.09027,0.07407,0.01628,0.00604,3.41582,5.37003,1.84714,0.0016502,0.0016502,0.0016502
55,627.033,0.73538,0.46199,0.8451,0.02988,0.12593,0.01632,0.00588,3.40544,5.37918,1.84911,0.0016436,0.0016436,0.0016436
56,638.439,0.70878,0.4505,0.83272,0.02866,0.13333,0.00995,0.00331,3.37488,5.42232,1.82819,0.001637,0.001637,0.001637
57,649.728,0.67662,0.4338,0.84274,0.0806,0.03704,0.00762,0.00268,3.4324,5.51528,1.86477,0.0016304,0.0016304,0.0016304
58,661.015,0.67329,0.41394,0.83026,0.02586,0.11111,0.00647,0.00247,3.45316,5.52918,1.87764,0.0016238,0.0016238,0.0016238
59,672.332,0.64829,0.41407,0.82625,0.03704,0.13333,0.01004,0.0023,3.50357,5.6167,1.8478,0.0016172,0.0016172,0.0016172
60,683.628,0.63976,0.40668,0.83278,0.03394,0.11111,0.00778,0.00239,3.5224,5.60717,1.89348,0.0016106,0.0016106,0.0016106
61,694.909,0.63306,0.39774,0.82553,0.03622,0.13333,0.0092,0.00241,3.56089,5.57819,1.90991,0.001604,0.001604,0.001604
62,706.193,0.63439,0.40062,0.82761,0.111,0.0444,0.01047,0.00319,3.52499,5.6034,1.88423,0.0015974,0.0015974,0.0015974
63,717.459,0.63941,0.40145,0.8291,0.10722,0.04272,0.00749,0.00311,3.48218,5.59756,1.86562,0.0015908,0.0015908,0.0015908
64,728.776,0.63203,0.39685,0.8257,0.07496,0.02222,0.00726,0.00334,3.51382,5.65004,1.86383,0.0015842,0.0015842,0.0015842
65,740.062,0.61433,0.38546,0.82814,0.03556,0.11852,0.0115,0.00335,3.53958,5.75144,1.83466,0.0015776,0.0015776,0.0015776
66,751.415,0.58515,0.37338,0.812,0.04,0.11852,0.0115,0.00357,3.54884,5.78175,1.84177,0.001571,0.001571,0.001571
67,762.724,0.58594,0.36945,0.81161,0.03516,0.11852,0.01126,0.00338,3.52811,5.72582,1.85409,0.0015644,0.0015644,0.0015644
68,774.004,0.55025,0.35431,0.80875,0.03363,0.11111,0.01089,0.00365,3.50038,5.88489,1.85775,0.0015578,0.0015578,0.0015578
69,785.283,0.57508,0.36021,0.8139,0.03182,0.1037,0.00924,0.00309,3.51355,5.94873,1.84381,0.0015512,0.0015512,0.0015512
70,796.56,0.57259,0.35585,0.806,0.08513,0.02222,0.00685,0.00223,3.53152,5.97142,1.82322,0.0015446,0.0015446,0.0015446
71,807.842,0.58223,0.35143,0.81686,0.02846,0.1037,0.00696,0.00208,3.51969,5.97673,1.83107,0.001538,0.001538,0.001538
72,819.097,0.56993,0.35605,0.81758,0.0249,0.08889,0.00789,0.00267,3.48348,5.95722,1.82251,0.0015314,0.0015314,0.0015314
73,830.354,0.53793,0.33941,0.8107,0.02444,0.08148,0.0093,0.00346,3.51978,6.04689,1.87112,0.0015248,0.0015248,0.0015248
74,841.712,0.57404,0.34693,0.79805,0.03196,0.1037,0.01229,0.00463,3.5197,5.99976,1.89804,0.0015182,0.0015182,0.0015182
75,852.957,0.53892,0.33617,0.8082,0.0924,0.05926,0.01294,0.00429,3.50008,5.87105,1.89915,0.0015116,0.0015116,0.0015116
76,864.234,0.51845,0.33053,0.80874,0.05155,0.11111,0.01332,0.00427,3.47631,5.9168,1.85859,0.001505,0.001505,0.001505
77,875.487,0.50853,0.31574,0.79376,0.04811,0.1037,0.01295,0.00423,3.44519,5.99319,1.84021,0.0014984,0.0014984,0.0014984
78,886.778,0.53512,0.31861,0.79505,0.04082,0.1037,0.00917,0.00278,3.45287,6.03033,1.88567,0.0014918,0.0014918,0.0014918
79,898.038,0.47868,0.31367,0.80218,0.03226,0.08148,0.00713,0.00263,3.4842,6.03024,1.90081,0.0014852,0.0014852,0.0014852
80,909.332,0.4822,0.30349,0.80198,0.03005,0.08148,0.00505,0.00213,3.48432,6.15383,1.86515,0.0014786,0.0014786,0.0014786
81,920.618,0.50051,0.31497,0.80843,0.07151,0.02222,0.00499,0.00205,3.47768,6.16724,1.8561,0.001472,0.001472,0.001472
82,931.896,0.50981,0.32666,0.79315,0.07891,0.02222,0.00543,0.00221,3.46269,6.16697,1.84229,0.0014654,0.0014654,0.0014654
83,943.271,0.47641,0.31415,0.79792,0.03356,0.07407,0.00964,0.00351,3.43673,6.06092,1.82283,0.0014588,0.0014588,0.0014588
84,954.601,0.49779,0.31649,0.79142,0.13508,0.02963,0.01148,0.00432,3.43506,5.9547,1.80824,0.0014522,0.0014522,0.0014522
85,966.114,0.47635,0.30428,0.79287,0.12571,0.02963,0.0133,0.00529,3.44273,5.88903,1.81076,0.0014456,0.0014456,0.0014456
86,977.404,0.43605,0.29108,0.79879,0.05279,0.08148,0.01422,0.00525,3.42007,5.94408,1.8307,0.001439,0.001439,0.001439
87,988.687,0.42758,0.28648,0.79366,0.04382,0.08148,0.01368,0.00507,3.42911,6.0596,1.8268,0.0014324,0.0014324,0.0014324
88,1000.01,0.4645,0.29681,0.79798,0.032,0.05926,0.01212,0.00636,3.41528,6.0642,1.82701,0.0014258,0.0014258,0.0014258
89,1011.27,0.4669,0.29573,0.79689,0.13362,0.04343,0.01358,0.0066,3.36962,6.00394,1.84461,0.0014192,0.0014192,0.0014192
90,1022.75,0.42727,0.29081,0.79721,0.03984,0.07407,0.01327,0.00711,3.38669,6.00163,1.848,0.0014126,0.0014126,0.0014126
91,1034.09,0.47299,0.29199,0.77366,0.16801,0.03704,0.01503,0.00659,3.40032,5.90625,1.83907,0.001406,0.001406,0.001406
92,1045.56,0.46019,0.2945,0.79783,0.11215,0.03704,0.01415,0.00606,3.41943,5.76966,1.87647,0.0013994,0.0013994,0.0013994
93,1056.98,0.41226,0.26906,0.78536,0.03488,0.08889,0.01432,0.00625,3.45582,5.77102,1.88791,0.0013928,0.0013928,0.0013928
94,1068.42,0.43049,0.27542,0.78719,0.04135,0.08148,0.0108,0.00425,3.43959,5.82356,1.89771,0.0013862,0.0013862,0.0013862
95,1079.85,0.42967,0.27261,0.79028,0.19867,0.05185,0.01717,0.00578,3.42424,5.86364,1.89464,0.0013796,0.0013796,0.0013796
96,1091.15,0.50055,0.2944,0.7822,0.18123,0.03704,0.01077,0.00442,3.46761,6.02877,1.9156,0.001373,0.001373,0.001373
97,1102.41,0.44151,0.28242,0.78789,0.16609,0.03704,0.01103,0.00452,3.43574,6.04385,1.87885,0.0013664,0.0013664,0.0013664
98,1113.56,0.4255,0.28333,0.78948,0.14965,0.02963,0.01272,0.00545,3.42668,5.99291,1.86539,0.0013598,0.0013598,0.0013598
99,1124.8,0.39531,0.26107,0.78357,0.04274,0.07407,0.01589,0.00549,3.48473,6.04432,1.86902,0.0013532,0.0013532,0.0013532
100,1136.08,0.38902,0.25749,0.77588,0.04306,0.06667,0.01545,0.00524,3.47462,6.03256,1.86647,0.0013466,0.0013466,0.0013466
101,1147.34,0.38756,0.2585,0.78834,0.05106,0.08889,0.0155,0.00581,3.45914,5.95742,1.88751,0.00134,0.00134,0.00134
102,1158.65,0.38798,0.2601,0.78235,0.1311,0.05926,0.01346,0.00495,3.47823,5.88758,1.88785,0.0013334,0.0013334,0.0013334
103,1169.93,0.39021,0.25639,0.78487,0.03906,0.07407,0.01152,0.00461,3.487,5.92697,1.88116,0.0013268,0.0013268,0.0013268
104,1181.22,0.38706,0.25995,0.77214,0.03982,0.06667,0.00686,0.00288,3.48423,6.09011,1.87049,0.0013202,0.0013202,0.0013202
105,1192.51,0.39494,0.25251,0.76268,0.04016,0.07407,0.00761,0.00312,3.50787,6.12192,1.88316,0.0013136,0.0013136,0.0013136
106,1203.87,0.36782,0.24924,0.77812,0.04183,0.08148,0.00931,0.00358,3.48981,6.06752,1.8717,0.001307,0.001307,0.001307
107,1215.14,0.35805,0.24529,0.7786,0.04132,0.07407,0.01042,0.00423,3.48757,6.12078,1.86356,0.0013004,0.0013004,0.0013004
108,1226.42,0.36837,0.24893,0.77193,0.04564,0.08148,0.00912,0.00328,3.48583,6.18814,1.88146,0.0012938,0.0012938,0.0012938
109,1237.71,0.34455,0.24012,0.78293,0.06023,0.05185,0.00809,0.00275,3.47651,6.15149,1.90568,0.0012872,0.0012872,0.0012872
110,1249.02,0.35172,0.23975,0.7686,0.04667,0.1037,0.00979,0.00353,3.48813,6.00559,1.94181,0.0012806,0.0012806,0.0012806
111,1260.45,0.36681,0.24898,0.78368,0.04194,0.0963,0.01071,0.00364,3.49485,5.9816,1.94432,0.001274,0.001274,0.001274
112,1271.91,0.34013,0.23003,0.77321,0.04545,0.08889,0.00804,0.00284,3.51666,6.08192,1.9559,0.0012674,0.0012674,0.0012674
113,1283.19,0.34127,0.23237,0.74088,0.05634,0.08889,0.00997,0.00306,3.54249,6.12389,1.96718,0.0012608,0.0012608,0.0012608
114,1294.41,0.33213,0.23185,0.77391,0.05882,0.08889,0.00982,0.00337,3.53565,6.10627,1.95933,0.0012542,0.0012542,0.0012542
115,1305.58,0.32294,0.22584,0.78136,0.05164,0.08148,0.01127,0.00314,3.56023,6.12438,1.99279,0.0012476,0.0012476,0.0012476
116,1316.86,0.32429,0.22867,0.76957,0.04255,0.07407,0.00968,0.00277,3.54947,6.13978,2.00279,0.001241,0.001241,0.001241
117,1328.29,0.32064,0.22007,0.76431,0.04219,0.07407,0.00907,0.00265,3.55791,6.12963,2.02138,0.0012344,0.0012344,0.0012344
118,1339.72,0.3266,0.22544,0.75927,0.05236,0.07407,0.00888,0.00264,3.53757,6.11426,2.00908,0.0012278,0.0012278,0.0012278
119,1351.13,0.34041,0.22864,0.77536,0.0565,0.07407,0.00671,0.00242,3.52643,6.12007,1.99998,0.0012212,0.0012212,0.0012212
120,1362.52,0.3439,0.23013,0.77079,0.05294,0.06667,0.00561,0.00203,3.49635,6.21307,1.98915,0.0012146,0.0012146,0.0012146
121,1373.77,0.32254,0.21947,0.767,0.03333,0.05185,0.00582,0.00186,3.47186,6.25833,1.95379,0.001208,0.001208,0.001208
122,1385.03,0.33449,0.22456,0.77228,0.03723,0.05185,0.00539,0.00165,3.48056,6.31211,1.94057,0.0012014,0.0012014,0.0012014
123,1396.37,0.31603,0.22326,0.7655,0.03333,0.04444,0.00529,0.00161,3.52309,6.34909,1.9455,0.0011948,0.0011948,0.0011948
124,1407.65,0.33789,0.22373,0.76161,0.0443,0.05185,0.00511,0.00193,3.54307,6.32179,1.97962,0.0011882,0.0011882,0.0011882
125,1418.95,0.33505,0.22216,0.77215,0.04848,0.05926,0.00594,0.0022,3.53644,6.323,1.99284,0.0011816,0.0011816,0.0011816
126,1430.33,0.32154,0.21621,0.77299,0.05882,0.07407,0.00748,0.00264,3.5136,6.35609,1.96696,0.001175,0.001175,0.001175
127,1441.68,0.35463,0.22925,0.77526,0.05143,0.06667,0.00898,0.0029,3.50182,6.36167,1.96102,0.0011684,0.0011684,0.0011684
