imagem,idx,acao,xc,yc,w,h
carta_076_verso_png.rf.17YF6XENir9SZBpZth8y,19,editar,0.779251,0.389219,0.026840,0.026860
carta_047_frente_png.rf.LroUKJIx9AsoaBJoMmOu,0,remover,,,,
carta_047_frente_png.rf.LroUKJIx9AsoaBJoMmOu,1,remover,,,,
carta_047_frente_png.rf.LroUKJIx9AsoaBJoMmOu,12,remover,,,,
carta_047_frente_png.rf.LroUKJIx9AsoaBJoMmOu,13,remover,,,,
carta_047_frente_png.rf.LroUKJIx9AsoaBJoMmOu,15,remover,,,,
carta_047_frente_png.rf.LroUKJIx9AsoaBJoMmOu,16,remover,,,,
carta_047_frente_png.rf.LroUKJIx9AsoaBJoMmOu,17,remover,,,,
carta_047_frente_png.rf.LroUKJIx9AsoaBJoMmOu,18,remover,,,,
carta_047_frente_png.rf.LroUKJIx9AsoaBJoMmOu,2,remover,,,,
carta_047_frente_png.rf.LroUKJIx9AsoaBJoMmOu,23,remover,,,,
carta_047_frente_png.rf.LroUKJIx9AsoaBJoMmOu,24,remover,,,,
carta_047_frente_png.rf.LroUKJIx9AsoaBJoMmOu,3,remover,,,,
carta_047_frente_png.rf.LroUKJIx9AsoaBJoMmOu,4,remover,,,,
carta_047_frente_png.rf.LroUKJIx9AsoaBJoMmOu,7,remover,,,,
carta_047_verso_png.rf.uXRECh5TElGdvj7xLLuC,1,remover,,,,
carta_047_verso_png.rf.uXRECh5TElGdvj7xLLuC,10,remover,,,,
carta_047_verso_png.rf.uXRECh5TElGdvj7xLLuC,11,remover,,,,
carta_047_verso_png.rf.uXRECh5TElGdvj7xLLuC,13,remover,,,,
carta_047_verso_png.rf.uXRECh5TElGdvj7xLLuC,14,remover,,,,
carta_047_verso_png.rf.uXRECh5TElGdvj7xLLuC,16,remover,,,,
carta_047_verso_png.rf.uXRECh5TElGdvj7xLLuC,20,remover,,,,
carta_047_verso_png.rf.uXRECh5TElGdvj7xLLuC,21,remover,,,,
carta_047_verso_png.rf.uXRECh5TElGdvj7xLLuC,22,remover,,,,
carta_047_verso_png.rf.uXRECh5TElGdvj7xLLuC,3,remover,,,,
carta_047_verso_png.rf.uXRECh5TElGdvj7xLLuC,4,remover,,,,
carta_047_verso_png.rf.uXRECh5TElGdvj7xLLuC,5,remover,,,,
carta_047_verso_png.rf.uXRECh5TElGdvj7xLLuC,6,remover,,,,
carta_047_verso_png.rf.uXRECh5TElGdvj7xLLuC,7,remover,,,,
carta_047_verso_png.rf.uXRECh5TElGdvj7xLLuC,9,remover,,,,
carta_073_frente_png.rf.VknyamTWtXcL9PXRrg7S,10,remover,,,,
carta_073_frente_png.rf.VknyamTWtXcL9PXRrg7S,8,remover,,,,
carta_073_frente_png.rf.VknyamTWtXcL9PXRrg7S,9,remover,,,,
carta_073_verso_png.rf.PnB5cL8RvVWsMpBJ00oM,12,remover,,,,
carta_073_verso_png.rf.PnB5cL8RvVWsMpBJ00oM,22,remover,,,,
carta_073_verso_png.rf.PnB5cL8RvVWsMpBJ00oM,9,remover,,,,
carta_074_frente_png.rf.eU0462q0UivsPEWzKNwM,0,remover,,,,
carta_074_frente_png.rf.eU0462q0UivsPEWzKNwM,10,remover,,,,
carta_074_frente_png.rf.eU0462q0UivsPEWzKNwM,12,remover,,,,
carta_074_frente_png.rf.eU0462q0UivsPEWzKNwM,14,remover,,,,
carta_074_frente_png.rf.eU0462q0UivsPEWzKNwM,17,remover,,,,
carta_074_frente_png.rf.eU0462q0UivsPEWzKNwM,18,remover,,,,
carta_074_frente_png.rf.eU0462q0UivsPEWzKNwM,19,remover,,,,
carta_074_frente_png.rf.eU0462q0UivsPEWzKNwM,20,remover,,,,
carta_074_frente_png.rf.eU0462q0UivsPEWzKNwM,22,remover,,,,
carta_074_frente_png.rf.eU0462q0UivsPEWzKNwM,23,remover,,,,
carta_074_frente_png.rf.eU0462q0UivsPEWzKNwM,25,remover,,,,
carta_074_frente_png.rf.eU0462q0UivsPEWzKNwM,28,remover,,,,
carta_074_frente_png.rf.eU0462q0UivsPEWzKNwM,29,remover,,,,
carta_074_frente_png.rf.eU0462q0UivsPEWzKNwM,3,remover,,,,
carta_074_frente_png.rf.eU0462q0UivsPEWzKNwM,30,remover,,,,
carta_074_frente_png.rf.eU0462q0UivsPEWzKNwM,31,remover,,,,
carta_074_frente_png.rf.eU0462q0UivsPEWzKNwM,4,remover,,,,
carta_074_frente_png.rf.eU0462q0UivsPEWzKNwM,5,remover,,,,
carta_074_frente_png.rf.eU0462q0UivsPEWzKNwM,6,remover,,,,
carta_074_frente_png.rf.eU0462q0UivsPEWzKNwM,7,remover,,,,
carta_074_frente_png.rf.eU0462q0UivsPEWzKNwM,8,remover,,,,
carta_074_frente_png.rf.eU0462q0UivsPEWzKNwM,9,remover,,,,
carta_074_verso_png.rf.2LPEH8fr4MNMrDSZCMTJ,0,remover,,,,
carta_074_verso_png.rf.2LPEH8fr4MNMrDSZCMTJ,1,remover,,,,
carta_074_verso_png.rf.2LPEH8fr4MNMrDSZCMTJ,10,remover,,,,
carta_074_verso_png.rf.2LPEH8fr4MNMrDSZCMTJ,11,remover,,,,
carta_074_verso_png.rf.2LPEH8fr4MNMrDSZCMTJ,17,remover,,,,
carta_074_verso_png.rf.2LPEH8fr4MNMrDSZCMTJ,2,remover,,,,
carta_074_verso_png.rf.2LPEH8fr4MNMrDSZCMTJ,20,remover,,,,
carta_074_verso_png.rf.2LPEH8fr4MNMrDSZCMTJ,23,remover,,,,
carta_074_verso_png.rf.2LPEH8fr4MNMrDSZCMTJ,3,remover,,,,
carta_074_verso_png.rf.2LPEH8fr4MNMrDSZCMTJ,4,remover,,,,
carta_074_verso_png.rf.2LPEH8fr4MNMrDSZCMTJ,5,remover,,,,
carta_074_verso_png.rf.2LPEH8fr4MNMrDSZCMTJ,6,remover,,,,
carta_074_verso_png.rf.2LPEH8fr4MNMrDSZCMTJ,7,remover,,,,
carta_074_verso_png.rf.2LPEH8fr4MNMrDSZCMTJ,8,remover,,,,
carta_074_verso_png.rf.2LPEH8fr4MNMrDSZCMTJ,9,remover,,,,
carta_075_frente_png.rf.oarglF0vdkYHYiLsiRp1,0,remover,,,,
carta_075_frente_png.rf.oarglF0vdkYHYiLsiRp1,1,remover,,,,
carta_075_frente_png.rf.oarglF0vdkYHYiLsiRp1,10,remover,,,,
carta_075_frente_png.rf.oarglF0vdkYHYiLsiRp1,11,remover,,,,
carta_075_frente_png.rf.oarglF0vdkYHYiLsiRp1,12,remover,,,,
carta_075_frente_png.rf.oarglF0vdkYHYiLsiRp1,19,remover,,,,
carta_075_frente_png.rf.oarglF0vdkYHYiLsiRp1,3,remover,,,,
carta_075_frente_png.rf.oarglF0vdkYHYiLsiRp1,6,remover,,,,
carta_075_frente_png.rf.oarglF0vdkYHYiLsiRp1,8,remover,,,,
carta_075_verso_png.rf.fotz0bSWgjR9LfOixu0z,0,remover,,,,
carta_075_verso_png.rf.fotz0bSWgjR9LfOixu0z,1,remover,,,,
carta_075_verso_png.rf.fotz0bSWgjR9LfOixu0z,11,remover,,,,
carta_075_verso_png.rf.fotz0bSWgjR9LfOixu0z,17,remover,,,,
carta_075_verso_png.rf.fotz0bSWgjR9LfOixu0z,21,remover,,,,
carta_075_verso_png.rf.fotz0bSWgjR9LfOixu0z,22,remover,,,,
carta_075_verso_png.rf.fotz0bSWgjR9LfOixu0z,25,remover,,,,
carta_075_verso_png.rf.fotz0bSWgjR9LfOixu0z,4,remover,,,,
carta_075_verso_png.rf.fotz0bSWgjR9LfOixu0z,5,remover,,,,
carta_075_verso_png.rf.fotz0bSWgjR9LfOixu0z,6,remover,,,,
carta_075_verso_png.rf.fotz0bSWgjR9LfOixu0z,7,remover,,,,
carta_075_verso_png.rf.fotz0bSWgjR9LfOixu0z,8,remover,,,,
carta_076_frente_png.rf.FF0DALXiIFM1AKVK3yes,12,remover,,,,
carta_076_frente_png.rf.FF0DALXiIFM1AKVK3yes,2,remover,,,,
carta_076_frente_png.rf.FF0DALXiIFM1AKVK3yes,4,remover,,,,
carta_076_frente_png.rf.FF0DALXiIFM1AKVK3yes,5,remover,,,,
carta_076_frente_png.rf.FF0DALXiIFM1AKVK3yes,9,remover,,,,
carta_076_verso_png.rf.17YF6XENir9SZBpZth8y,0,remover,,,,
carta_076_verso_png.rf.17YF6XENir9SZBpZth8y,14,remover,,,,
carta_076_verso_png.rf.17YF6XENir9SZBpZth8y,5,remover,,,,
carta_076_verso_png.rf.17YF6XENir9SZBpZth8y,7,remover,,,,
carta_077_frente_png.rf.vS6p76TsZNGQIItgE0nA,0,remover,,,,
carta_077_frente_png.rf.vS6p76TsZNGQIItgE0nA,1,remover,,,,
carta_077_frente_png.rf.vS6p76TsZNGQIItgE0nA,10,remover,,,,
carta_077_frente_png.rf.vS6p76TsZNGQIItgE0nA,11,remover,,,,
carta_077_frente_png.rf.vS6p76TsZNGQIItgE0nA,12,remover,,,,
carta_077_frente_png.rf.vS6p76TsZNGQIItgE0nA,13,remover,,,,
carta_077_frente_png.rf.vS6p76TsZNGQIItgE0nA,15,remover,,,,
carta_077_frente_png.rf.vS6p76TsZNGQIItgE0nA,16,remover,,,,
carta_077_frente_png.rf.vS6p76TsZNGQIItgE0nA,17,remover,,,,
carta_077_frente_png.rf.vS6p76TsZNGQIItgE0nA,18,remover,,,,
carta_077_frente_png.rf.vS6p76TsZNGQIItgE0nA,19,remover,,,,
carta_077_frente_png.rf.vS6p76TsZNGQIItgE0nA,23,remover,,,,
carta_077_frente_png.rf.vS6p76TsZNGQIItgE0nA,24,remover,,,,
carta_077_frente_png.rf.vS6p76TsZNGQIItgE0nA,25,remover,,,,
carta_077_frente_png.rf.vS6p76TsZNGQIItgE0nA,28,remover,,,,
carta_077_frente_png.rf.vS6p76TsZNGQIItgE0nA,29,remover,,,,
carta_077_frente_png.rf.vS6p76TsZNGQIItgE0nA,3,remover,,,,
carta_077_frente_png.rf.vS6p76TsZNGQIItgE0nA,30,remover,,,,
carta_077_frente_png.rf.vS6p76TsZNGQIItgE0nA,31,remover,,,,
carta_077_frente_png.rf.vS6p76TsZNGQIItgE0nA,32,remover,,,,
carta_077_frente_png.rf.vS6p76TsZNGQIItgE0nA,34,remover,,,,
carta_077_frente_png.rf.vS6p76TsZNGQIItgE0nA,4,remover,,,,
carta_077_frente_png.rf.vS6p76TsZNGQIItgE0nA,6,remover,,,,
carta_077_frente_png.rf.vS6p76TsZNGQIItgE0nA,9,remover,,,,
carta_077_verso_png.rf.UxjEokaBMHhXmReXOsdx,1,remover,,,,
carta_077_verso_png.rf.UxjEokaBMHhXmReXOsdx,10,remover,,,,
carta_077_verso_png.rf.UxjEokaBMHhXmReXOsdx,11,remover,,,,
carta_077_verso_png.rf.UxjEokaBMHhXmReXOsdx,12,remover,,,,
carta_077_verso_png.rf.UxjEokaBMHhXmReXOsdx,13,remover,,,,
carta_077_verso_png.rf.UxjEokaBMHhXmReXOsdx,14,remover,,,,
carta_077_verso_png.rf.UxjEokaBMHhXmReXOsdx,2,remover,,,,
carta_077_verso_png.rf.UxjEokaBMHhXmReXOsdx,22,remover,,,,
carta_077_verso_png.rf.UxjEokaBMHhXmReXOsdx,23,remover,,,,
carta_077_verso_png.rf.UxjEokaBMHhXmReXOsdx,3,remover,,,,
carta_077_verso_png.rf.UxjEokaBMHhXmReXOsdx,4,remover,,,,
carta_077_verso_png.rf.UxjEokaBMHhXmReXOsdx,5,remover,,,,
carta_077_verso_png.rf.UxjEokaBMHhXmReXOsdx,6,remover,,,,
carta_077_verso_png.rf.UxjEokaBMHhXmReXOsdx,7,remover,,,,
carta_077_verso_png.rf.UxjEokaBMHhXmReXOsdx,8,remover,,,,
carta_077_verso_png.rf.UxjEokaBMHhXmReXOsdx,9,remover,,,,
carta_074_verso_png.rf.2LPEH8fr4MNMrDSZCMTJ,14,editar,0.401738,0.584119,0.151048,0.118286
carta_074_verso_png.rf.2LPEH8fr4MNMrDSZCMTJ,13,remover,,,,
carta_076_verso_png.rf.17YF6XENir9SZBpZth8y,10,remover,,,,
carta_076_verso_png.rf.17YF6XENir9SZBpZth8y,21,remover,,,,
carta_075_verso_png.rf.fotz0bSWgjR9LfOixu0z,27,remover,,,,
carta_075_verso_png.rf.fotz0bSWgjR9LfOixu0z,24,remover,,,,
carta_075_verso_png.rf.fotz0bSWgjR9LfOixu0z,23,remover,,,,
carta_077_verso_png.rf.UxjEokaBMHhXmReXOsdx,21,remover,,,,
carta_076_frente_png.rf.FF0DALXiIFM1AKVK3yes,15,editar,0.284830,0.467250,0.281398,0.040394
carta_076_frente_png.rf.FF0DALXiIFM1AKVK3yes,16,remover,,,,
carta_047_verso_png.rf.uXRECh5TElGdvj7xLLuC,17,remover,,,,
carta_047_verso_png.rf.uXRECh5TElGdvj7xLLuC,19,remover,,,,
carta_047_verso_png.rf.uXRECh5TElGdvj7xLLuC,23,remover,,,,
carta_075_verso_png.rf.fotz0bSWgjR9LfOixu0z,13,remover,,,,
carta_075_verso_png.rf.fotz0bSWgjR9LfOixu0z,19,remover,,,,
carta_169_frente_png.rf.7gorhW3d7xbfsQXF112Y,1,remover,,,,
