imagem,desgaste_difuso
carta_074_verso_png.rf.2LPEH8fr4MNMrDSZCMTJ,1
carta_075_verso_png.rf.fotz0bSWgjR9LfOixu0z,1
carta_076_frente_png.rf.FF0DALXiIFM1AKVK3yes,1
carta_047_verso_png.rf.uXRECh5TElGdvj7xLLuC,1
carta_073_verso_png.rf.PnB5cL8RvVWsMpBJ00oM,1
carta_075_frente_png.rf.oarglF0vdkYHYiLsiRp1,1
carta_074_frente_png.rf.eU0462q0UivsPEWzKNwM,1
carta_077_verso_png.rf.UxjEokaBMHhXmReXOsdx,1
carta_047_frente_png.rf.LroUKJIx9AsoaBJoMmOu,1
carta_077_frente_png.rf.vS6p76TsZNGQIItgE0nA,1
carta_076_verso_png.rf.17YF6XENir9SZBpZth8y,1
carta_073_frente_png.rf.VknyamTWtXcL9PXRrg7S,1
carta_072_frente_png.rf.dQDbEQDpIxZ4Ghyfus1w,1
carta_108_verso_png.rf.XxkhvFyj6rMHSfMneSbx,1
carta_016_frente_png.rf.SDm7CcKAIH1os8esivWS,1
